rank,country_full,confederation,market_value,squad_size,average_age,source,elo,updated,total_points
1,Spain,UEFA,,27.0,27.4,kaggle_fifa,2257.2,2026-04-04T17:45:31.518442,2257
2,Argentina,CONMEBOL,712200012.0,28.0,28.4,kaggle_fifa,2207.9,2026-04-04T17:45:31.518442,2208
3,France,UEFA,,26.0,26.7,kaggle_fifa,2166.7,2026-04-04T17:45:31.518442,2167
4,England,UEFA,,25.0,26.9,kaggle_fifa,2114.1,2026-04-04T17:45:31.518442,2114
5,Brazil,CONMEBOL,924000000.0,26.0,27.9,kaggle_fifa,2091.0,2026-04-04T17:45:31.518442,2091
6,Portugal,UEFA,838500000.0,23.0,27.3,kaggle_fifa,2061.6,2026-04-04T17:45:31.518442,2062
7,Netherlands,UEFA,797000000.0,22.0,26.8,kaggle_fifa,2042.1,2026-04-04T17:45:31.518442,2042
8,Morocco,CAF,431750000.0,28.0,25.3,kaggle_fifa,1998.5,2026-04-04T17:45:31.518442,1998
9,Belgium,UEFA,450200012.0,24.0,27.3,kaggle_fifa,1960.1,2026-04-04T17:45:31.518442,1960
10,Germany,UEFA,849500000.0,26.0,27.4,kaggle_fifa,2024.3,2026-04-04T17:45:31.518442,2024
11,Croatia,UEFA,255300003.0,26.0,28.2,kaggle_fifa,2001.5,2026-04-04T17:45:31.518442,2002
12,Senegal,CAF,476700012.0,31.0,26.9,kaggle_fifa,1945.4,2026-04-04T17:45:31.518442,1945
13,Italy,UEFA,825000000.0,26.0,27.4,kaggle_fifa,1927.3,2026-04-04T17:45:31.518442,1927
14,Colombia,CONMEBOL,301000000.0,26.0,29.6,kaggle_fifa,2083.0,2026-04-04T17:45:31.518442,2083
15,United States,CONCACAF,358700012.0,27.0,26.3,kaggle_fifa,1852.0,2026-04-04T17:45:31.518442,1852
16,Mexico,CONCACAF,101800003.0,21.0,26.1,kaggle_fifa,1988.5,2026-04-04T17:45:31.518442,1988
17,Uruguay,CONMEBOL,407329987.0,36.0,26.2,kaggle_fifa,1994.6,2026-04-04T17:45:31.518442,1995
18,Switzerland,UEFA,308100006.0,26.0,27.9,kaggle_fifa,1966.3,2026-04-04T17:45:31.518442,1966
19,Japan,AFC,265500000.0,28.0,26.4,kaggle_fifa,2009.6,2026-04-04T17:45:31.518442,2010
20,Iran,AFC,34049999.0,28.0,29.4,kaggle_fifa,1902.6,2026-04-04T17:45:31.518442,1903
21,Denmark,UEFA,352000000.0,25.0,26.3,kaggle_fifa,1938.4,2026-04-04T17:45:31.518442,1938
22,South Korea,AFC,125099998.0,26.0,27.7,kaggle_fifa,1878.2,2026-04-04T17:45:31.518442,1878
23,Ecuador,CONMEBOL,366079987.0,28.0,25.4,kaggle_fifa,2044.3,2026-04-04T17:45:31.518442,2044
24,Austria,UEFA,254600006.0,28.0,28.2,kaggle_fifa,1909.9,2026-04-04T17:45:31.518442,1910
25,Türkiye,UEFA,512700012.0,33.0,27.1,kaggle_fifa,1450.0,2026-04-04T17:45:31.518442,1450
26,Nigeria,CAF,229580002.0,23.0,27.6,kaggle_fifa,1878.1,2026-04-04T17:45:31.518442,1878
27,Australia,AFC,46029999.0,25.0,27.1,kaggle_fifa,1916.1,2026-04-04T17:45:31.518442,1916
28,Algeria,CAF,236550003.0,27.0,25.8,kaggle_fifa,1878.4,2026-04-04T17:45:31.518442,1878
29,Canada,CONCACAF,121080002.0,26.0,26.4,kaggle_fifa,1926.3,2026-04-04T17:45:31.518442,1926
30,Ukraine,UEFA,261399994.0,26.0,26.5,kaggle_fifa,1850.1,2026-04-04T17:45:31.518442,1850
31,Egypt,CAF,134250000.0,28.0,29.1,kaggle_fifa,1832.1,2026-04-04T17:45:31.518442,1832
32,Norway,UEFA,522900024.0,28.0,26.2,kaggle_fifa,1982.3,2026-04-04T17:45:31.518442,1982
33,Panama,CONCACAF,31200001.0,23.0,29.5,kaggle_fifa,1880.6,2026-04-04T17:45:31.518442,1881
34,Poland,UEFA,163350006.0,25.0,27.9,kaggle_fifa,1798.3,2026-04-04T17:45:31.518442,1798
35,Wales,UEFA,211149994.0,26.0,26.8,kaggle_fifa,1779.9,2026-04-04T17:45:31.518442,1780
36,Russia,UEFA,270750000.0,40.0,26.0,kaggle_fifa,1860.1,2026-04-04T17:45:31.518442,1860
38,Scotland,UEFA,211000000.0,26.0,28.8,kaggle_fifa,1835.7,2026-04-04T17:45:31.518442,1836
39,Serbia,UEFA,276299988.0,28.0,26.8,kaggle_fifa,1830.9,2026-04-04T17:45:31.518442,1831
40,Paraguay,CONMEBOL,124800003.0,31.0,28.5,kaggle_fifa,1932.8,2026-04-04T17:45:31.518442,1933
41,Hungary,UEFA,204000000.0,24.0,26.6,kaggle_fifa,1774.6,2026-04-04T17:45:31.518442,1775
42,Sweden,UEFA,377779999.0,26.0,26.3,kaggle_fifa,1785.2,2026-04-04T17:45:31.518442,1785
43,Czech Republic,UEFA,171500000.0,25.0,28.0,kaggle_fifa,1789.2,2026-04-04T17:45:31.518442,1789
44,Slovakia,UEFA,133850006.0,28.0,28.7,kaggle_fifa,1746.7,2026-04-04T17:45:31.518442,1747
46,Greece,UEFA,282899994.0,25.0,26.2,kaggle_fifa,1822.6,2026-04-04T17:45:31.518442,1823
47,Tunisia,CAF,69650002.0,30.0,25.3,kaggle_fifa,1747.6,2026-04-04T17:45:31.518442,1748
49,Romania,UEFA,120099998.0,28.0,27.5,kaggle_fifa,1699.1,2026-04-04T17:45:31.518442,1699
50,Venezuela,CONMEBOL,71750000.0,36.0,25.2,kaggle_fifa,1828.6,2026-04-04T17:45:31.518442,1829
51,Costa Rica,CONCACAF,40130001.0,26.0,27.9,kaggle_fifa,1770.8,2026-04-04T17:45:31.518442,1771
52,Uzbekistan,AFC,8500000.0,14.0,26.3,kaggle_fifa,1834.6,2026-04-04T17:45:31.518442,1835
53,Peru,CONMEBOL,27650000.0,24.0,26.7,kaggle_fifa,1784.9,2026-04-04T17:45:31.518442,1785
55,Chile,CONMEBOL,84099998.0,26.0,25.5,kaggle_fifa,1826.2,2026-04-04T17:45:31.518442,1826
56,Qatar,AFC,18000000.0,23.0,28.0,kaggle_fifa,1593.6,2026-04-04T17:45:31.518442,1594
57,Slovenia,UEFA,145800003.0,26.0,26.9,kaggle_fifa,1766.8,2026-04-04T17:45:31.518442,1767
58,Iraq,AFC,18830000.0,28.0,26.4,kaggle_fifa,1761.6,2026-04-04T17:45:31.518442,1762
59,Ireland,UEFA,184149994.0,25.0,27.2,kaggle_fifa,1382.0,2026-04-04T17:45:31.518442,1382
60,South Africa,CAF,46349998.0,28.0,26.5,kaggle_fifa,1675.5,2026-04-04T17:45:31.518442,1676
61,Saudi Arabia,AFC,29049999.0,25.0,27.4,kaggle_fifa,1693.7,2026-04-04T17:45:31.518442,1694
63,Albania,UEFA,86349998.0,25.0,28.2,kaggle_fifa,1721.7,2026-04-04T17:45:31.518442,1722
64,Jordan,AFC,9350000.0,23.0,28.7,kaggle_fifa,1780.8,2026-04-04T17:45:31.518442,1781
65,Honduras,CONCACAF,15650000.0,28.0,28.2,kaggle_fifa,1735.1,2026-04-04T17:45:31.518442,1735
66,North Macedonia,UEFA,39130001.0,28.0,28.8,kaggle_fifa,1649.5,2026-04-04T17:45:31.518442,1650
68,United Arab Emirates,AFC,39880001.0,23.0,27.3,kaggle_fifa,1684.2,2026-04-04T17:45:31.518442,1684
69,Northern Ireland,UEFA,95680000.0,25.0,25.7,kaggle_fifa,1665.1,2026-04-04T17:45:31.518442,1665
70,Jamaica,CONCACAF,48950001.0,28.0,26.8,kaggle_fifa,1700.6,2026-04-04T17:45:31.518442,1701
71,Bosnia and Herzegovina,UEFA,117800003.0,25.0,26.9,kaggle_fifa,1640.0,2026-04-04T17:45:31.518442,1640
72,Ghana,CAF,211779999.0,26.0,26.9,kaggle_fifa,1623.0,2026-04-04T17:45:31.518442,1623
73,Georgia,UEFA,194979996.0,24.0,26.8,kaggle_fifa,1717.1,2026-04-04T17:45:31.518442,1717
74,Iceland,UEFA,79000000.0,22.0,27.0,kaggle_fifa,1652.6,2026-04-04T17:45:31.518442,1653
75,Finland,UEFA,51500000.0,24.0,26.0,kaggle_fifa,1604.3,2026-04-04T17:45:31.518442,1604
76,Bolivia,CONMEBOL,18799999.0,32.0,23.9,kaggle_fifa,1767.9,2026-04-04T17:45:31.518442,1768
77,Israel,UEFA,85900002.0,24.0,26.4,kaggle_fifa,1682.3,2026-04-04T17:45:31.518442,1682
78,Oman,AFC,6100000.0,22.0,28.4,kaggle_fifa,1591.8,2026-04-04T17:45:31.518442,1592
79,Kosovo,UEFA,143179993.0,28.0,27.4,kaggle_fifa,1783.4,2026-04-04T17:45:31.518442,1783
82,Montenegro,UEFA,58130001.0,24.0,26.4,kaggle_fifa,1493.7,2026-04-04T17:45:31.518442,1494
85,New Zealand,OFC,21600000.0,23.0,27.4,kaggle_fifa,1790.5,2026-04-04T17:45:31.518442,1790
87,Bulgaria,UEFA,44099998.0,26.0,25.4,kaggle_fifa,1552.4,2026-04-04T17:45:31.518442,1552
88,Uganda,CAF,8630000.0,28.0,27.9,kaggle_fifa,1526.6,2026-04-04T17:45:31.518442,1527
93,China PR,AFC,10930000.0,26.0,29.4,kaggle_fifa,1551.2,2026-04-04T17:45:31.518442,1551
94,Guatemala,CONCACAF,5380000.0,21.0,25.1,kaggle_fifa,1675.1,2026-04-04T17:45:31.518442,1675
96,Thailand,AFC,8150000.0,23.0,28.8,kaggle_fifa,1533.2,2026-04-04T17:45:31.518442,1533
98,Belarus,UEFA,15100000.0,24.0,26.3,kaggle_fifa,1580.2,2026-04-04T17:45:31.518442,1580
99,El Salvador,CONCACAF,8950000.0,22.0,25.4,kaggle_fifa,1495.7,2026-04-04T17:45:31.518442,1496
100,Tajikistan,AFC,7780000.0,24.0,26.1,kaggle_fifa,1454.5,2026-04-04T17:45:31.518442,1454
102,Luxembourg,UEFA,33299999.0,24.0,26.1,kaggle_fifa,1457.9,2026-04-04T17:45:31.518442,1458
103,Kyrgyzstan,AFC,5830000.0,22.0,27.4,kaggle_fifa,1459.6,2026-04-04T17:45:31.518442,1460
105,Armenia,UEFA,39630001.0,27.0,24.7,kaggle_fifa,1441.8,2026-04-04T17:45:31.518442,1442
106,Comoros,CAF,20200001.0,25.0,26.9,kaggle_fifa,1510.1,2026-04-04T17:45:31.518442,1510
108,Vietnam,AFC,6380000.0,23.0,27.9,kaggle_fifa,1434.4,2026-04-04T17:45:31.518442,1434
109,Lebanon,AFC,6450000.0,23.0,28.8,kaggle_fifa,1441.2,2026-04-04T17:45:31.518442,1441
112,Libya,CAF,12550000.0,25.0,26.8,kaggle_fifa,1528.9,2026-04-04T17:45:31.518442,1529
114,Kazakhstan,UEFA,17250000.0,26.0,26.4,kaggle_fifa,1514.2,2026-04-04T17:45:31.518442,1514
121,Malaysia,AFC,7150000.0,28.0,28.4,kaggle_fifa,1501.3,2026-04-04T17:45:31.518442,1501
122,Indonesia,AFC,37799999.0,41.0,25.8,kaggle_fifa,1495.9,2026-04-04T17:45:31.518442,1496
125,Faroe Islands,UEFA,6530000.0,24.0,28.2,kaggle_fifa,1439.7,2026-04-04T17:45:31.518442,1440
127,Azerbaijan,UEFA,20549999.0,25.0,26.7,kaggle_fifa,1417.5,2026-04-04T17:45:31.518442,1418
128,Cyprus,UEFA,19600000.0,26.0,25.7,kaggle_fifa,1348.3,2026-04-04T17:45:31.518442,1348
129,Estonia,UEFA,15680000.0,26.0,25.9,kaggle_fifa,1391.1,2026-04-04T17:45:31.518442,1391
131,Nicaragua,CONCACAF,3100000.0,25.0,28.6,kaggle_fifa,1514.9,2026-04-04T17:45:31.518442,1515
136,Philippines,AFC,6180000.0,23.0,27.7,kaggle_fifa,1317.9,2026-04-04T17:45:31.518442,1318
139,Latvia,UEFA,17950001.0,27.0,26.7,kaggle_fifa,1349.3,2026-04-04T17:45:31.518442,1349
141,India,AFC,4280000.0,23.0,25.9,kaggle_fifa,1227.7,2026-04-04T17:45:31.518442,1228
142,Dominican Republic,CONCACAF,18850000.0,23.0,24.6,kaggle_fifa,1505.3,2026-04-04T17:45:31.518442,1505
146,Lithuania,UEFA,18230000.0,25.0,28.3,kaggle_fifa,1356.5,2026-04-04T17:45:31.518442,1356
147,Ethiopia,CAF,2780000.0,23.0,27.4,kaggle_fifa,1390.5,2026-04-04T17:45:31.518442,1390
148,Singapore,AFC,3880000.0,26.0,28.0,kaggle_fifa,1305.7,2026-04-04T17:45:31.518442,1306
153,Hongkong,AFC,3880000.0,23.0,28.3,kaggle_fifa,1194.0,2026-04-04T17:45:31.518442,1194
155,Fiji,OFC,2450000.0,26.0,28.1,kaggle_fifa,1450.5,2026-04-04T17:45:31.518442,1450
156,Puerto Rico,CONCACAF,1200000.0,23.0,23.1,kaggle_fifa,1363.1,2026-04-04T17:45:31.518442,1363
158,Moldova,UEFA,14400000.0,26.0,26.4,kaggle_fifa,1306.5,2026-04-04T17:45:31.518442,1306
161,Malta,UEFA,14550000.0,29.0,27.1,kaggle_fifa,1324.2,2026-04-04T17:45:31.518442,1324
163,Myanmar,AFC,3150000.0,23.0,26.9,kaggle_fifa,1094.2,2026-04-04T17:45:31.518442,1094
172,Andorra,UEFA,3520000.0,28.0,28.4,kaggle_fifa,1125.0,2026-04-04T17:45:31.518442,1125
174,Chinese Taipei,AFC,2220000.0,28.0,26.6,kaggle_fifa,1152.0,2026-04-04T17:45:31.518442,1152
179,Cambodia,AFC,2380000.0,23.0,25.5,kaggle_fifa,1023.3,2026-04-04T17:45:31.518442,1023
180,Bangladesh,AFC,8510000.0,29.0,25.7,kaggle_fifa,1112.1,2026-04-04T17:45:31.518442,1112
190,Laos,,1560000.0,24.0,22.7,kaggle_fifa,919.2,2026-04-04T17:45:31.518442,919
202,Gibraltar,UEFA,1200000.0,23.0,23.5,kaggle_fifa,1092.7,2026-04-04T17:45:31.518442,1093
210,San Marino,UEFA,935000.0,24.0,24.6,kaggle_fifa,879.5,2026-04-04T17:45:31.518442,880
211,Turkey,,,,,elo_calculated,1968.2,2026-04-04T17:45:31.518442,1968
212,Yugoslavia,,,,,elo_calculated,1894.2,2026-04-04T17:45:31.518442,1894
213,Basque Country,,,,,elo_calculated,1825.5,2026-04-04T17:45:31.518442,1826
214,Czechoslovakia,,,,,elo_calculated,1806.8,2026-04-04T17:45:31.518442,1807
215,Ivory Coast,,,,,elo_calculated,1801.8,2026-04-04T17:45:31.518442,1802
216,Padania,,,,,elo_calculated,1791.1,2026-04-04T17:45:31.518442,1791
217,Jersey,,,,,elo_calculated,1790.2,2026-04-04T17:45:31.518442,1790
218,DR Congo,,,,,elo_calculated,1776.5,2026-04-04T17:45:31.518442,1776
219,Northern Cyprus,,,,,elo_calculated,1756.9,2026-04-04T17:45:31.518442,1757
220,Occitania,,,,,elo_calculated,1756.5,2026-04-04T17:45:31.518442,1756
221,German DR,,,,,elo_calculated,1756.2,2026-04-04T17:45:31.518442,1756
222,Guernsey,,,,,elo_calculated,1754.5,2026-04-04T17:45:31.518442,1754
223,Republic of Ireland,,,,,elo_calculated,1752.8,2026-04-04T17:45:31.518442,1753
224,Iraqi Kurdistan,,,,,elo_calculated,1751.1,2026-04-04T17:45:31.518442,1751
225,Mali,,,,,elo_calculated,1730.2,2026-04-04T17:45:31.518442,1730
226,Cameroon,,,,,elo_calculated,1725.6,2026-04-04T17:45:31.518442,1726
227,Haiti,,,,,elo_calculated,1716.5,2026-04-04T17:45:31.518442,1716
228,Isle of Man,,,,,elo_calculated,1713.8,2026-04-04T17:45:31.518442,1714
229,Catalonia,,,,,elo_calculated,1662.3,2026-04-04T17:45:31.518442,1662
230,Burkina Faso,,,,,elo_calculated,1660.1,2026-04-04T17:45:31.518442,1660
231,Isle of Wight,,,,,elo_calculated,1657.8,2026-04-04T17:45:31.518442,1658
232,Curaçao,,,,,elo_calculated,1653.7,2026-04-04T17:45:31.518442,1654
233,Cape Verde,,,,,elo_calculated,1651.5,2026-04-04T17:45:31.518442,1652
234,Suriname,,,,,elo_calculated,1623.0,2026-04-04T17:45:31.518442,1623
235,Abkhazia,,,,,elo_calculated,1622.6,2026-04-04T17:45:31.518442,1623
236,Ynys Môn,,,,,elo_calculated,1619.7,2026-04-04T17:45:31.518442,1620
237,New Caledonia,,,,,elo_calculated,1619.0,2026-04-04T17:45:31.518442,1619
238,Syria,,,,,elo_calculated,1612.5,2026-04-04T17:45:31.518442,1612
239,Kernow,,,,,elo_calculated,1611.5,2026-04-04T17:45:31.518442,1612
240,Guinea,,,,,elo_calculated,1606.4,2026-04-04T17:45:31.518442,1606
241,Panjab,,,,,elo_calculated,1602.4,2026-04-04T17:45:31.518442,1602
242,Réunion,,,,,elo_calculated,1601.7,2026-04-04T17:45:31.518442,1602
243,Palestine,,,,,elo_calculated,1600.6,2026-04-04T17:45:31.518442,1601
244,Andalusia,,,,,elo_calculated,1594.3,2026-04-04T17:45:31.518442,1594
245,Angola,,,,,elo_calculated,1593.5,2026-04-04T17:45:31.518442,1594
246,Kárpátalja,,,,,elo_calculated,1582.2,2026-04-04T17:45:31.518442,1582
247,Ellan Vannin,,,,,elo_calculated,1576.0,2026-04-04T17:45:31.518442,1576
248,Zanzibar,,,,,elo_calculated,1573.4,2026-04-04T17:45:31.518442,1573
249,Rhodes,,,,,elo_calculated,1572.3,2026-04-04T17:45:31.518442,1572
250,County of Nice,,,,,elo_calculated,1571.4,2026-04-04T17:45:31.518442,1571
251,Trinidad and Tobago,,,,,elo_calculated,1570.8,2026-04-04T17:45:31.518442,1571
252,Menorca,,,,,elo_calculated,1570.7,2026-04-04T17:45:31.518442,1571
253,Zambia,,,,,elo_calculated,1566.5,2026-04-04T17:45:31.518442,1566
254,Yorkshire,,,,,elo_calculated,1564.9,2026-04-04T17:45:31.518442,1565
255,Benin,,,,,elo_calculated,1556.7,2026-04-04T17:45:31.518442,1557
256,Gambia,,,,,elo_calculated,1556.6,2026-04-04T17:45:31.518442,1557
257,Arameans Suryoye,,,,,elo_calculated,1555.6,2026-04-04T17:45:31.518442,1556
258,Western Armenia,,,,,elo_calculated,1553.0,2026-04-04T17:45:31.518442,1553
259,Sápmi,,,,,elo_calculated,1552.5,2026-04-04T17:45:31.518442,1552
260,Corsica,,,,,elo_calculated,1551.8,2026-04-04T17:45:31.518442,1552
261,Artsakh,,,,,elo_calculated,1551.0,2026-04-04T17:45:31.518442,1551
262,Guadeloupe,,,,,elo_calculated,1547.7,2026-04-04T17:45:31.518442,1548
263,Chameria,,,,,elo_calculated,1546.3,2026-04-04T17:45:31.518442,1546
264,Cascadia,,,,,elo_calculated,1545.2,2026-04-04T17:45:31.518442,1545
265,United Koreans in Japan,,,,,elo_calculated,1539.8,2026-04-04T17:45:31.518442,1540
266,Bahrain,,,,,elo_calculated,1539.4,2026-04-04T17:45:31.518442,1539
267,Niger,,,,,elo_calculated,1538.7,2026-04-04T17:45:31.518442,1539
268,Székely Land,,,,,elo_calculated,1526.2,2026-04-04T17:45:31.518442,1526
269,Tahiti,,,,,elo_calculated,1523.8,2026-04-04T17:45:31.518442,1524
270,Galicia,,,,,elo_calculated,1523.7,2026-04-04T17:45:31.518442,1524
271,Gabon,,,,,elo_calculated,1523.7,2026-04-04T17:45:31.518442,1524
272,Asturias,,,,,elo_calculated,1520.5,2026-04-04T17:45:31.518442,1520
273,Provence,,,,,elo_calculated,1520.0,2026-04-04T17:45:31.518442,1520
274,Maule Sur,,,,,elo_calculated,1519.3,2026-04-04T17:45:31.518442,1519
275,Canary Islands,,,,,elo_calculated,1518.7,2026-04-04T17:45:31.518442,1519
276,Parishes of Jersey,,,,,elo_calculated,1517.7,2026-04-04T17:45:31.518442,1518
277,Surrey,,,,,elo_calculated,1516.1,2026-04-04T17:45:31.518442,1516
278,Silesia,,,,,elo_calculated,1512.6,2026-04-04T17:45:31.518442,1513
279,Donetsk PR,,,,,elo_calculated,1511.4,2026-04-04T17:45:31.518442,1511
280,Felvidék,,,,,elo_calculated,1511.3,2026-04-04T17:45:31.518442,1511
281,Biafra,,,,,elo_calculated,1509.4,2026-04-04T17:45:31.518442,1509
282,North Vietnam,,,,,elo_calculated,1507.6,2026-04-04T17:45:31.518442,1508
283,Madagascar,,,,,elo_calculated,1507.2,2026-04-04T17:45:31.518442,1507
284,Elba Island,,,,,elo_calculated,1506.0,2026-04-04T17:45:31.518442,1506
285,Mapuche,,,,,elo_calculated,1505.4,2026-04-04T17:45:31.518442,1505
286,Shetland,,,,,elo_calculated,1504.7,2026-04-04T17:45:31.518442,1505
287,Mozambique,,,,,elo_calculated,1503.2,2026-04-04T17:45:31.518442,1503
288,Martinique,,,,,elo_calculated,1503.0,2026-04-04T17:45:31.518442,1503
289,Délvidék,,,,,elo_calculated,1501.1,2026-04-04T17:45:31.518442,1501
290,Brittany,,,,,elo_calculated,1500.5,2026-04-04T17:45:31.518442,1500
291,Republic of St. Pauli,,,,,elo_calculated,1497.5,2026-04-04T17:45:31.518442,1498
292,Crimea,,,,,elo_calculated,1496.6,2026-04-04T17:45:31.518442,1497
293,Central Spain,,,,,elo_calculated,1495.3,2026-04-04T17:45:31.518442,1495
294,West Papua,,,,,elo_calculated,1493.5,2026-04-04T17:45:31.518442,1494
295,Sealand,,,,,elo_calculated,1493.4,2026-04-04T17:45:31.518442,1493
296,Saugeais,,,,,elo_calculated,1492.4,2026-04-04T17:45:31.518442,1492
297,Cilento,,,,,elo_calculated,1492.1,2026-04-04T17:45:31.518442,1492
298,Guyana,,,,,elo_calculated,1490.6,2026-04-04T17:45:31.518442,1491
299,Madrid,,,,,elo_calculated,1489.5,2026-04-04T17:45:31.518442,1490
300,Luhansk PR,,,,,elo_calculated,1489.4,2026-04-04T17:45:31.518442,1489
301,Yoruba Nation,,,,,elo_calculated,1489.1,2026-04-04T17:45:31.518442,1489
302,Gotland,,,,,elo_calculated,1488.8,2026-04-04T17:45:31.518442,1489
303,Seborga,,,,,elo_calculated,1486.7,2026-04-04T17:45:31.518442,1487
304,Somaliland,,,,,elo_calculated,1486.1,2026-04-04T17:45:31.518442,1486
305,Åland Islands,,,,,elo_calculated,1482.9,2026-04-04T17:45:31.518442,1483
306,South Ossetia,,,,,elo_calculated,1482.8,2026-04-04T17:45:31.518442,1483
307,North Korea,,,,,elo_calculated,1482.2,2026-04-04T17:45:31.518442,1482
308,Togo,,,,,elo_calculated,1481.8,2026-04-04T17:45:31.518442,1482
309,Matabeleland,,,,,elo_calculated,1480.3,2026-04-04T17:45:31.518442,1480
310,Sudan,,,,,elo_calculated,1478.6,2026-04-04T17:45:31.518442,1479
311,South Yemen,,,,,elo_calculated,1478.4,2026-04-04T17:45:31.518442,1478
312,Zimbabwe,,,,,elo_calculated,1477.0,2026-04-04T17:45:31.518442,1477
313,Sierra Leone,,,,,elo_calculated,1475.9,2026-04-04T17:45:31.518442,1476
314,Aymara,,,,,elo_calculated,1475.3,2026-04-04T17:45:31.518442,1475
315,Kuwait,,,,,elo_calculated,1474.2,2026-04-04T17:45:31.518442,1474
316,Kenya,,,,,elo_calculated,1470.1,2026-04-04T17:45:31.518442,1470
317,Hmong,,,,,elo_calculated,1467.5,2026-04-04T17:45:31.518442,1468
318,Tamil Eelam,,,,,elo_calculated,1465.9,2026-04-04T17:45:31.518442,1466
319,Kabylia,,,,,elo_calculated,1465.3,2026-04-04T17:45:31.518442,1465
320,Greenland,,,,,elo_calculated,1464.7,2026-04-04T17:45:31.518442,1465
321,Mayotte,,,,,elo_calculated,1462.8,2026-04-04T17:45:31.518442,1463
322,Franconia,,,,,elo_calculated,1462.2,2026-04-04T17:45:31.518442,1462
323,Romani people,,,,,elo_calculated,1461.7,2026-04-04T17:45:31.518442,1462
324,Equatorial Guinea,,,,,elo_calculated,1458.1,2026-04-04T17:45:31.518442,1458
325,Ryūkyū,,,,,elo_calculated,1453.3,2026-04-04T17:45:31.518442,1453
326,Vanuatu,,,,,elo_calculated,1452.1,2026-04-04T17:45:31.518442,1452
327,Western Sahara,,,,,elo_calculated,1451.3,2026-04-04T17:45:31.518442,1451
328,Tanzania,,,,,elo_calculated,1451.1,2026-04-04T17:45:31.518442,1451
329,Rwanda,,,,,elo_calculated,1447.1,2026-04-04T17:45:31.518442,1447
330,Malawi,,,,,elo_calculated,1446.4,2026-04-04T17:45:31.518442,1446
331,Papua New Guinea,,,,,elo_calculated,1444.8,2026-04-04T17:45:31.518442,1445
332,Saarland,,,,,elo_calculated,1442.9,2026-04-04T17:45:31.518442,1443
333,Găgăuzia,,,,,elo_calculated,1440.9,2026-04-04T17:45:31.518442,1441
334,Mauritania,,,,,elo_calculated,1436.4,2026-04-04T17:45:31.518442,1436
335,Marshall Islands,,,,,elo_calculated,1436.4,2026-04-04T17:45:31.518442,1436
336,Western Isles,,,,,elo_calculated,1432.8,2026-04-04T17:45:31.518442,1433
337,Gozo,,,,,elo_calculated,1432.4,2026-04-04T17:45:31.518442,1432
338,Liberia,,,,,elo_calculated,1427.7,2026-04-04T17:45:31.518442,1428
339,Solomon Islands,,,,,elo_calculated,1420.9,2026-04-04T17:45:31.518442,1421
340,Namibia,,,,,elo_calculated,1418.9,2026-04-04T17:45:31.518442,1419
341,Western Australia,,,,,elo_calculated,1413.7,2026-04-04T17:45:31.518442,1414
342,Lesotho,,,,,elo_calculated,1408.0,2026-04-04T17:45:31.518442,1408
343,Manchukuo,,,,,elo_calculated,1403.2,2026-04-04T17:45:31.518442,1403
344,French Guiana,,,,,elo_calculated,1403.2,2026-04-04T17:45:31.518442,1403
345,Chechnya,,,,,elo_calculated,1395.3,2026-04-04T17:45:31.518442,1395
346,Botswana,,,,,elo_calculated,1393.3,2026-04-04T17:45:31.518442,1393
347,Saint Barthélemy,,,,,elo_calculated,1393.0,2026-04-04T17:45:31.518442,1393
348,Burundi,,,,,elo_calculated,1391.7,2026-04-04T17:45:31.518442,1392
349,Orkney,,,,,elo_calculated,1390.9,2026-04-04T17:45:31.518442,1391
350,Vatican City,,,,,elo_calculated,1389.9,2026-04-04T17:45:31.518442,1390
351,Turkmenistan,,,,,elo_calculated,1388.9,2026-04-04T17:45:31.518442,1389
352,Raetia,,,,,elo_calculated,1385.4,2026-04-04T17:45:31.518442,1385
353,Niue,,,,,elo_calculated,1384.0,2026-04-04T17:45:31.518442,1384
354,Cuba,,,,,elo_calculated,1381.8,2026-04-04T17:45:31.518442,1382
355,Two Sicilies,,,,,elo_calculated,1373.5,2026-04-04T17:45:31.518442,1374
356,Saint Helena,,,,,elo_calculated,1369.5,2026-04-04T17:45:31.518442,1370
357,Saint Vincent and the Grenadines,,,,,elo_calculated,1368.3,2026-04-04T17:45:31.518442,1368
358,Monaco,,,,,elo_calculated,1368.2,2026-04-04T17:45:31.518442,1368
359,Guinea-Bissau,,,,,elo_calculated,1361.7,2026-04-04T17:45:31.518442,1362
360,Saare County,,,,,elo_calculated,1355.8,2026-04-04T17:45:31.518442,1356
361,Central African Republic,,,,,elo_calculated,1355.8,2026-04-04T17:45:31.518442,1356
362,Barawa,,,,,elo_calculated,1351.3,2026-04-04T17:45:31.518442,1351
363,Ticino,,,,,elo_calculated,1350.4,2026-04-04T17:45:31.518442,1350
364,Palau,,,,,elo_calculated,1346.9,2026-04-04T17:45:31.518442,1347
365,Yemen DPR,,,,,elo_calculated,1343.7,2026-04-04T17:45:31.518442,1344
366,Hitra,,,,,elo_calculated,1338.6,2026-04-04T17:45:31.518442,1339
367,Chagos Islands,,,,,elo_calculated,1335.8,2026-04-04T17:45:31.518442,1336
368,Congo,,,,,elo_calculated,1323.8,2026-04-04T17:45:31.518442,1324
369,Vietnam Republic,,,,,elo_calculated,1322.4,2026-04-04T17:45:31.518442,1322
370,Hong Kong,,,,,elo_calculated,1319.7,2026-04-04T17:45:31.518442,1320
371,Ambazonia,,,,,elo_calculated,1309.9,2026-04-04T17:45:31.518442,1310
372,Yemen,,,,,elo_calculated,1307.4,2026-04-04T17:45:31.518442,1307
373,Micronesia,,,,,elo_calculated,1303.2,2026-04-04T17:45:31.518442,1303
374,Grenada,,,,,elo_calculated,1302.9,2026-04-04T17:45:31.518442,1303
375,Saint Martin,,,,,elo_calculated,1302.3,2026-04-04T17:45:31.518442,1302
376,Eswatini,,,,,elo_calculated,1298.4,2026-04-04T17:45:31.518442,1298
377,Tibet,,,,,elo_calculated,1297.0,2026-04-04T17:45:31.518442,1297
378,Wallis Islands and Futuna,,,,,elo_calculated,1295.2,2026-04-04T17:45:31.518442,1295
379,Bermuda,,,,,elo_calculated,1289.0,2026-04-04T17:45:31.518442,1289
380,Sint Maarten,,,,,elo_calculated,1272.9,2026-04-04T17:45:31.518442,1273
381,Belize,,,,,elo_calculated,1270.6,2026-04-04T17:45:31.518442,1271
382,South Sudan,,,,,elo_calculated,1266.2,2026-04-04T17:45:31.518442,1266
383,Saint Kitts and Nevis,,,,,elo_calculated,1253.9,2026-04-04T17:45:31.518442,1254
384,Saint Pierre and Miquelon,,,,,elo_calculated,1250.0,2026-04-04T17:45:31.518442,1250
385,Sark,,,,,elo_calculated,1245.9,2026-04-04T17:45:31.518442,1246
386,Chad,,,,,elo_calculated,1245.7,2026-04-04T17:45:31.518442,1246
387,Falkland Islands,,,,,elo_calculated,1243.6,2026-04-04T17:45:31.518442,1244
388,Samoa,,,,,elo_calculated,1241.3,2026-04-04T17:45:31.518442,1241
389,Eritrea,,,,,elo_calculated,1216.7,2026-04-04T17:45:31.518442,1217
390,Frøya,,,,,elo_calculated,1210.0,2026-04-04T17:45:31.518442,1210
391,Montserrat,,,,,elo_calculated,1206.8,2026-04-04T17:45:31.518442,1207
392,Tuvalu,,,,,elo_calculated,1205.7,2026-04-04T17:45:31.518442,1206
393,Saint Lucia,,,,,elo_calculated,1196.0,2026-04-04T17:45:31.518442,1196
394,Afghanistan,,,,,elo_calculated,1188.8,2026-04-04T17:45:31.518442,1189
395,Kiribati,,,,,elo_calculated,1181.4,2026-04-04T17:45:31.518442,1181
396,Mauritius,,,,,elo_calculated,1177.3,2026-04-04T17:45:31.518442,1177
397,Aruba,,,,,elo_calculated,1163.4,2026-04-04T17:45:31.518442,1163
398,São Tomé and Príncipe,,,,,elo_calculated,1158.3,2026-04-04T17:45:31.518442,1158
399,Dominica,,,,,elo_calculated,1123.3,2026-04-04T17:45:31.518442,1123
400,Cook Islands,,,,,elo_calculated,1118.1,2026-04-04T17:45:31.518442,1118
401,Barbados,,,,,elo_calculated,1100.8,2026-04-04T17:45:31.518442,1101
402,Bonaire,,,,,elo_calculated,1074.0,2026-04-04T17:45:31.518442,1074
403,Nepal,,,,,elo_calculated,1068.9,2026-04-04T17:45:31.518442,1069
404,Alderney,,,,,elo_calculated,1067.9,2026-04-04T17:45:31.518442,1068
405,Somalia,,,,,elo_calculated,1058.6,2026-04-04T17:45:31.518442,1059
406,Tonga,,,,,elo_calculated,1054.0,2026-04-04T17:45:31.518442,1054
407,Antigua and Barbuda,,,,,elo_calculated,1048.1,2026-04-04T17:45:31.518442,1048
408,Djibouti,,,,,elo_calculated,1046.3,2026-04-04T17:45:31.518442,1046
409,Taiwan,,,,,elo_calculated,1029.3,2026-04-04T17:45:31.518442,1029
410,Maldives,,,,,elo_calculated,1016.0,2026-04-04T17:45:31.518442,1016
411,Sri Lanka,,,,,elo_calculated,1011.6,2026-04-04T17:45:31.518442,1012
412,Darfur,,,,,elo_calculated,1007.2,2026-04-04T17:45:31.518442,1007
413,Pakistan,,,,,elo_calculated,1001.3,2026-04-04T17:45:31.518442,1001
414,Cayman Islands,,,,,elo_calculated,997.1,2026-04-04T17:45:31.518442,997
415,Seychelles,,,,,elo_calculated,991.7,2026-04-04T17:45:31.518442,992
416,Liechtenstein,,,,,elo_calculated,971.0,2026-04-04T17:45:31.518442,971
417,Guam,,,,,elo_calculated,967.3,2026-04-04T17:45:31.518442,967
418,Mongolia,,,,,elo_calculated,960.3,2026-04-04T17:45:31.518442,960
419,Northern Mariana Islands,,,,,elo_calculated,925.4,2026-04-04T17:45:31.518442,925
420,British Virgin Islands,,,,,elo_calculated,924.2,2026-04-04T17:45:31.518442,924
421,American Samoa,,,,,elo_calculated,904.9,2026-04-04T17:45:31.518442,905
422,Bahamas,,,,,elo_calculated,887.8,2026-04-04T17:45:31.518442,888
423,Timor-Leste,,,,,elo_calculated,887.1,2026-04-04T17:45:31.518442,887
424,United States Virgin Islands,,,,,elo_calculated,867.6,2026-04-04T17:45:31.518442,868
425,Turks and Caicos Islands,,,,,elo_calculated,866.3,2026-04-04T17:45:31.518442,866
426,Brunei,,,,,elo_calculated,849.8,2026-04-04T17:45:31.518442,850
427,Bhutan,,,,,elo_calculated,844.7,2026-04-04T17:45:31.518442,845
428,Anguilla,,,,,elo_calculated,797.9,2026-04-04T17:45:31.518442,798
429,Macau,,,,,elo_calculated,782.3,2026-04-04T17:45:31.518442,782
